{
    "eval_bleu-4": 19.475198,
    "eval_rouge-1": 41.519868,
    "eval_rouge-2": 19.31348,
    "eval_rouge-l": 31.007213999999998,
    "eval_runtime": 61.978,
    "eval_samples_per_second": 0.807,
    "eval_steps_per_second": 0.113
}